date,temperature_2m,cloud_cover,is_day,direct_radiation
2025-02-27 23:00:00+00:00,2.7455,0.0,0.0,0.0
2025-02-28 00:00:00+00:00,2.0955,0.0,0.0,0.0
2025-02-28 01:00:00+00:00,1.5955,0.0,0.0,0.0
2025-02-28 02:00:00+00:00,1.2955,43.0,0.0,0.0
2025-02-28 03:00:00+00:00,0.74549997,74.0,0.0,0.0
2025-02-28 04:00:00+00:00,0.7955,68.0,0.0,0.0
2025-02-28 05:00:00+00:00,-0.8545,100.0,0.0,0.0
2025-02-28 06:00:00+00:00,-1.7045,100.0,0.0,0.0
2025-02-28 07:00:00+00:00,-1.8544999,100.0,1.0,0.0
2025-02-28 08:00:00+00:00,-1.1044999,100.0,1.0,2.75
2025-02-28 09:00:00+00:00,1.8455,77.0,1.0,24.75
2025-02-28 10:00:00+00:00,5.4954996,4.0,1.0,254.75
2025-02-28 11:00:00+00:00,7.3455,45.0,1.0,308.5
2025-02-28 12:00:00+00:00,8.3955,67.0,1.0,278.5
2025-02-28 13:00:00+00:00,9.0455,100.0,1.0,164.75
2025-02-28 14:00:00+00:00,9.2955,80.0,1.0,126.5
2025-02-28 15:00:00+00:00,8.695499,78.0,1.0,156.25
2025-02-28 16:00:00+00:00,8.3955,88.0,1.0,106.75
2025-02-28 17:00:00+00:00,7.7454996,71.0,1.0,32.25
2025-02-28 18:00:00+00:00,6.2454996,47.0,0.0,2.25
2025-02-28 19:00:00+00:00,5.3455,17.0,0.0,0.0
2025-02-28 20:00:00+00:00,4.7955,0.0,0.0,0.0
2025-02-28 21:00:00+00:00,4.4954996,87.0,0.0,0.0
2025-02-28 22:00:00+00:00,4.3455,49.0,0.0,0.0
2025-02-28 23:00:00+00:00,3.6955001,89.0,0.0,0.0
2025-03-01 00:00:00+00:00,3.1455,0.0,0.0,0.0
2025-03-01 01:00:00+00:00,2.9455001,6.0,0.0,0.0
2025-03-01 02:00:00+00:00,2.7455,0.0,0.0,0.0
2025-03-01 03:00:00+00:00,2.3455,4.0,0.0,0.0
2025-03-01 04:00:00+00:00,2.0955,28.0,0.0,0.0
2025-03-01 05:00:00+00:00,1.8455,53.0,0.0,0.0
2025-03-01 06:00:00+00:00,1.6455001,62.0,0.0,0.0
2025-03-01 07:00:00+00:00,1.2955,70.0,1.0,0.25
2025-03-01 08:00:00+00:00,1.7455001,73.0,1.0,18.0
2025-03-01 09:00:00+00:00,3.0455,66.0,1.0,99.0
2025-03-01 10:00:00+00:00,4.8455,13.0,1.0,249.0
2025-03-01 11:00:00+00:00,6.6955,29.0,1.0,400.25
2025-03-01 12:00:00+00:00,7.1955,52.0,1.0,426.25
2025-03-01 13:00:00+00:00,7.2955,73.0,1.0,270.25
2025-03-01 14:00:00+00:00,7.1454997,92.0,1.0,196.5
2025-03-01 15:00:00+00:00,7.0455,30.0,1.0,85.0
2025-03-01 16:00:00+00:00,6.7454996,48.0,1.0,163.25
2025-03-01 17:00:00+00:00,6.1454997,48.0,1.0,50.0
2025-03-01 18:00:00+00:00,5.3455,48.0,0.0,4.25
2025-03-01 19:00:00+00:00,4.1955,24.0,0.0,0.0
2025-03-01 20:00:00+00:00,3.3955,9.0,0.0,0.0
2025-03-01 21:00:00+00:00,3.5455,38.0,0.0,0.0
2025-03-01 22:00:00+00:00,2.9955,15.0,0.0,0.0
2025-03-01 23:00:00+00:00,2.4455001,12.0,0.0,0.0
2025-03-02 00:00:00+00:00,2.0955,23.0,0.0,0.0
2025-03-02 01:00:00+00:00,1.7455001,3.0,0.0,0.0
2025-03-02 02:00:00+00:00,1.3455,5.0,0.0,0.0
2025-03-02 03:00:00+00:00,0.99549997,4.0,0.0,0.0
2025-03-02 04:00:00+00:00,0.5955,27.0,0.0,0.0
2025-03-02 05:00:00+00:00,0.44550002,46.0,0.0,0.0
2025-03-02 06:00:00+00:00,0.5955,63.0,0.0,0.0
2025-03-02 07:00:00+00:00,0.8455,56.0,1.0,0.5
2025-03-02 08:00:00+00:00,1.5455,30.0,1.0,33.25
2025-03-02 09:00:00+00:00,3.8455,0.0,1.0,170.0
2025-03-02 10:00:00+00:00,5.7955,3.0,1.0,310.0
2025-03-02 11:00:00+00:00,7.1955,20.0,1.0,379.25
2025-03-02 12:00:00+00:00,8.6455,32.0,1.0,427.25
2025-03-02 13:00:00+00:00,9.4955,23.0,1.0,435.5
2025-03-02 14:00:00+00:00,10.1455,0.0,1.0,432.0
2025-03-02 15:00:00+00:00,10.8455,0.0,1.0,357.75
2025-03-02 16:00:00+00:00,10.695499,20.0,1.0,232.25
2025-03-02 17:00:00+00:00,9.7955,0.0,1.0,96.5
2025-03-02 18:00:00+00:00,8.2455,0.0,0.0,7.5
2025-03-02 19:00:00+00:00,6.7454996,68.0,0.0,0.0
2025-03-02 20:00:00+00:00,5.8455,76.0,0.0,0.0
2025-03-02 21:00:00+00:00,3.8955,67.0,0.0,0.0
2025-03-02 22:00:00+00:00,3.6955001,0.0,0.0,0.0
2025-03-02 23:00:00+00:00,2.7455,0.0,0.0,0.0
2025-03-03 00:00:00+00:00,1.6955,0.0,0.0,0.0
2025-03-03 01:00:00+00:00,1.1455001,0.0,0.0,0.0
2025-03-03 02:00:00+00:00,0.8455,7.0,0.0,0.0
2025-03-03 03:00:00+00:00,-0.20449999,62.0,0.0,0.0
2025-03-03 04:00:00+00:00,-0.15450001,47.0,0.0,0.0
2025-03-03 05:00:00+00:00,-0.30449998,20.0,0.0,0.0
2025-03-03 06:00:00+00:00,-0.9045,60.0,0.0,0.0
2025-03-03 07:00:00+00:00,-1.2544999,74.0,1.0,0.25
2025-03-03 08:00:00+00:00,-0.50450003,52.0,1.0,36.5
2025-03-03 09:00:00+00:00,4.6454997,0.0,1.0,171.75
2025-03-03 10:00:00+00:00,6.8455,0.0,1.0,319.0
2025-03-03 11:00:00+00:00,8.7955,0.0,1.0,423.25
2025-03-03 12:00:00+00:00,10.8955,0.0,1.0,480.25
2025-03-03 13:00:00+00:00,11.6455,0.0,1.0,494.0
2025-03-03 14:00:00+00:00,12.0455,100.0,1.0,434.5
2025-03-03 15:00:00+00:00,12.0955,14.0,1.0,127.5
2025-03-03 16:00:00+00:00,11.7955,75.0,1.0,177.25
2025-03-03 17:00:00+00:00,10.6455,49.0,1.0,37.75
2025-03-03 18:00:00+00:00,8.7955,96.0,0.0,6.5
2025-03-03 19:00:00+00:00,6.8954997,100.0,0.0,0.0
2025-03-03 20:00:00+00:00,5.4954996,100.0,0.0,0.0
2025-03-03 21:00:00+00:00,5.0455,100.0,0.0,0.0
2025-03-03 22:00:00+00:00,3.9455001,74.0,0.0,0.0
2025-03-03 23:00:00+00:00,3.0455,100.0,0.0,0.0
2025-03-04 00:00:00+00:00,2.2455,100.0,0.0,0.0
2025-03-04 01:00:00+00:00,1.0955,51.0,0.0,0.0
2025-03-04 02:00:00+00:00,0.2955,74.0,0.0,0.0
2025-03-04 03:00:00+00:00,0.2955,98.0,0.0,0.0
2025-03-04 04:00:00+00:00,0.2955,100.0,0.0,0.0
2025-03-04 05:00:00+00:00,0.69549996,38.0,0.0,0.0
2025-03-04 06:00:00+00:00,0.6455,72.0,0.0,0.0
2025-03-04 07:00:00+00:00,1.0955,100.0,1.0,0.25
2025-03-04 08:00:00+00:00,1.8455,72.0,1.0,26.75
2025-03-04 09:00:00+00:00,5.9455,0.0,1.0,150.5
2025-03-04 10:00:00+00:00,8.1455,0.0,1.0,311.75
2025-03-04 11:00:00+00:00,10.2955,60.0,1.0,410.75
2025-03-04 12:00:00+00:00,12.2455,0.0,1.0,463.25
2025-03-04 13:00:00+00:00,13.1455,31.0,1.0,483.0
2025-03-04 14:00:00+00:00,13.4955,62.0,1.0,372.25
2025-03-04 15:00:00+00:00,13.945499,87.0,1.0,341.0
2025-03-04 16:00:00+00:00,13.5955,64.0,1.0,214.25
2025-03-04 17:00:00+00:00,12.5455,60.0,1.0,88.5
2025-03-04 18:00:00+00:00,10.2955,100.0,0.0,5.75
2025-03-04 19:00:00+00:00,8.4955,100.0,0.0,0.0
2025-03-04 20:00:00+00:00,6.7955,100.0,0.0,0.0
2025-03-04 21:00:00+00:00,3.9455001,26.0,0.0,0.0
2025-03-04 22:00:00+00:00,2.6955001,0.0,0.0,0.0
2025-03-04 23:00:00+00:00,1.8455,52.0,0.0,0.0
2025-03-05 00:00:00+00:00,1.4955001,58.0,0.0,0.0
2025-03-05 01:00:00+00:00,0.99549997,81.0,0.0,0.0
2025-03-05 02:00:00+00:00,1.0955,78.0,0.0,0.0
2025-03-05 03:00:00+00:00,0.5455,71.0,0.0,0.0
2025-03-05 04:00:00+00:00,0.34550002,84.0,0.0,0.0
2025-03-05 05:00:00+00:00,0.19550002,78.0,0.0,0.0
2025-03-05 06:00:00+00:00,-0.004499998,65.0,0.0,0.0
2025-03-05 07:00:00+00:00,-0.30449998,73.0,1.0,0.5
2025-03-05 08:00:00+00:00,0.74549997,32.0,1.0,37.25
2025-03-05 09:00:00+00:00,5.5955,0.0,1.0,176.0
2025-03-05 10:00:00+00:00,10.195499,0.0,1.0,315.25
2025-03-05 11:00:00+00:00,12.445499,0.0,1.0,421.0
2025-03-05 12:00:00+00:00,14.6455,0.0,1.0,483.25
2025-03-05 13:00:00+00:00,16.095499,0.0,1.0,495.25
2025-03-05 14:00:00+00:00,16.9455,0.0,1.0,457.25
2025-03-05 15:00:00+00:00,17.5455,0.0,1.0,370.75
2025-03-05 16:00:00+00:00,17.4955,0.0,1.0,247.75
2025-03-05 17:00:00+00:00,16.4955,0.0,1.0,107.75
2025-03-05 18:00:00+00:00,13.2955,0.0,0.0,10.5
2025-03-05 19:00:00+00:00,10.5455,0.0,0.0,0.0
2025-03-05 20:00:00+00:00,8.7955,0.0,0.0,0.0
2025-03-05 21:00:00+00:00,5.6454997,0.0,0.0,0.0
2025-03-05 22:00:00+00:00,4.2454996,15.0,0.0,0.0
2025-03-05 23:00:00+00:00,3.1455,51.0,0.0,0.0
2025-03-06 00:00:00+00:00,2.4955,45.0,0.0,0.0
2025-03-06 01:00:00+00:00,1.9955001,50.0,0.0,0.0
2025-03-06 02:00:00+00:00,2.5955,0.0,0.0,0.0
2025-03-06 03:00:00+00:00,2.3955,0.0,0.0,0.0
2025-03-06 04:00:00+00:00,2.5455,0.0,0.0,0.0
2025-03-06 05:00:00+00:00,2.9955,0.0,0.0,0.0
2025-03-06 06:00:00+00:00,2.9455001,0.0,0.0,0.0
2025-03-06 07:00:00+00:00,3.4955,0.0,1.0,2.0
2025-03-06 08:00:00+00:00,5.0455,0.0,1.0,65.75
2025-03-06 09:00:00+00:00,9.4955,0.0,1.0,200.0
2025-03-06 10:00:00+00:00,11.3955,0.0,1.0,334.5
2025-03-06 11:00:00+00:00,12.8455,0.0,1.0,437.75
2025-03-06 12:00:00+00:00,14.7955,0.0,1.0,496.0
2025-03-06 13:00:00+00:00,15.8455,0.0,1.0,497.0
2025-03-06 14:00:00+00:00,16.4955,0.0,1.0,463.25
2025-03-06 15:00:00+00:00,17.2955,44.0,1.0,374.75
2025-03-06 16:00:00+00:00,16.8955,92.0,1.0,229.5
2025-03-06 17:00:00+00:00,15.695499,100.0,1.0,89.0
2025-03-06 18:00:00+00:00,14.445499,49.0,0.0,6.0
2025-03-06 19:00:00+00:00,12.445499,0.0,0.0,0.0
2025-03-06 20:00:00+00:00,11.1455,0.0,0.0,0.0
2025-03-06 21:00:00+00:00,9.5955,37.0,0.0,0.0
2025-03-06 22:00:00+00:00,8.1455,60.0,0.0,0.0
2025-03-06 23:00:00+00:00,8.6455,31.0,0.0,0.0
2025-03-07 00:00:00+00:00,11.5955,75.0,0.0,0.0
2025-03-07 01:00:00+00:00,10.695499,31.0,0.0,0.0
2025-03-07 02:00:00+00:00,10.195499,66.0,0.0,0.0
2025-03-07 03:00:00+00:00,10.2455,85.0,0.0,0.0
2025-03-07 04:00:00+00:00,10.2455,100.0,0.0,0.0
2025-03-07 05:00:00+00:00,9.7455,77.0,0.0,0.0
2025-03-07 06:00:00+00:00,9.0455,94.0,0.0,0.0
2025-03-07 07:00:00+00:00,8.2955,43.0,1.0,1.75
2025-03-07 08:00:00+00:00,8.8955,81.0,1.0,35.25
2025-03-07 09:00:00+00:00,11.0455,63.0,1.0,149.75
2025-03-07 10:00:00+00:00,12.695499,37.0,1.0,230.75
2025-03-07 11:00:00+00:00,14.195499,40.0,1.0,396.5
2025-03-07 12:00:00+00:00,15.2455,26.0,1.0,444.75
2025-03-07 13:00:00+00:00,16.2455,47.0,1.0,494.75
2025-03-07 14:00:00+00:00,16.8955,45.0,1.0,449.25
2025-03-07 15:00:00+00:00,17.0455,36.0,1.0,369.5
2025-03-07 16:00:00+00:00,16.845499,50.0,1.0,221.0
2025-03-07 17:00:00+00:00,15.9955,32.0,1.0,102.0
2025-03-07 18:00:00+00:00,14.445499,30.0,0.0,11.0
2025-03-07 19:00:00+00:00,13.195499,29.0,0.0,0.0
2025-03-07 20:00:00+00:00,12.445499,0.0,0.0,0.0
2025-03-07 21:00:00+00:00,11.8455,0.0,0.0,0.0
2025-03-07 22:00:00+00:00,11.3955,0.0,0.0,0.0
2025-03-07 23:00:00+00:00,10.7455,0.0,0.0,0.0
2025-03-08 00:00:00+00:00,10.0955,0.0,0.0,0.0
2025-03-08 01:00:00+00:00,8.945499,0.0,0.0,0.0
2025-03-08 02:00:00+00:00,8.2955,4.0,0.0,0.0
2025-03-08 03:00:00+00:00,8.0455,69.0,0.0,0.0
2025-03-08 04:00:00+00:00,7.8954997,100.0,0.0,0.0
2025-03-08 05:00:00+00:00,8.0455,100.0,0.0,0.0
2025-03-08 06:00:00+00:00,7.7454996,76.0,0.0,0.0
2025-03-08 07:00:00+00:00,7.4954996,57.0,1.0,1.25
2025-03-08 08:00:00+00:00,8.6455,100.0,1.0,33.25
2025-03-08 09:00:00+00:00,11.0455,80.0,1.0,50.25
2025-03-08 10:00:00+00:00,13.5955,10.0,1.0,325.75
2025-03-08 11:00:00+00:00,15.6455,78.0,1.0,433.25
2025-03-08 12:00:00+00:00,16.6955,50.0,1.0,418.75
2025-03-08 13:00:00+00:00,17.4955,92.0,1.0,423.5
2025-03-08 14:00:00+00:00,17.9955,100.0,1.0,408.75
2025-03-08 15:00:00+00:00,17.8955,100.0,1.0,371.0
2025-03-08 16:00:00+00:00,17.6455,100.0,1.0,114.25
2025-03-08 17:00:00+00:00,16.7455,100.0,1.0,15.0
2025-03-08 18:00:00+00:00,15.0455,100.0,0.0,0.25
2025-03-08 19:00:00+00:00,14.0455,100.0,0.0,0.0
2025-03-08 20:00:00+00:00,13.445499,75.0,0.0,0.0
2025-03-08 21:00:00+00:00,12.945499,100.0,0.0,0.0
2025-03-08 22:00:00+00:00,11.9955,2.0,0.0,0.0
2025-03-08 23:00:00+00:00,11.3455,72.0,0.0,0.0
2025-03-09 00:00:00+00:00,11.3955,100.0,0.0,0.0
2025-03-09 01:00:00+00:00,10.6455,100.0,0.0,0.0
2025-03-09 02:00:00+00:00,10.195499,47.0,0.0,0.0
2025-03-09 03:00:00+00:00,9.7955,97.0,0.0,0.0
2025-03-09 04:00:00+00:00,9.695499,100.0,0.0,0.0
2025-03-09 05:00:00+00:00,10.0455,100.0,0.0,0.0
2025-03-09 06:00:00+00:00,10.8455,100.0,0.0,0.0
2025-03-09 07:00:00+00:00,10.8455,100.0,1.0,0.0
2025-03-09 08:00:00+00:00,11.5955,100.0,1.0,3.75
2025-03-09 09:00:00+00:00,12.5455,100.0,1.0,8.25
2025-03-09 10:00:00+00:00,13.1455,100.0,1.0,14.0
2025-03-09 11:00:00+00:00,14.1455,100.0,1.0,9.75
2025-03-09 12:00:00+00:00,13.5955,100.0,1.0,3.0
2025-03-09 13:00:00+00:00,12.195499,100.0,1.0,1.75
2025-03-09 14:00:00+00:00,12.6455,100.0,1.0,3.0
2025-03-09 15:00:00+00:00,12.7955,100.0,1.0,0.5
2025-03-09 16:00:00+00:00,12.5955,100.0,1.0,9.75
2025-03-09 17:00:00+00:00,12.2955,94.0,1.0,4.0
2025-03-09 18:00:00+00:00,12.195499,100.0,0.0,0.25
2025-03-09 19:00:00+00:00,11.7455,100.0,0.0,0.0
2025-03-09 20:00:00+00:00,11.945499,100.0,0.0,0.0
2025-03-09 21:00:00+00:00,11.5955,100.0,0.0,0.0
2025-03-09 22:00:00+00:00,10.9955,100.0,0.0,0.0
2025-03-09 23:00:00+00:00,10.6455,99.0,0.0,0.0
2025-03-10 00:00:00+00:00,10.3955,100.0,0.0,0.0
2025-03-10 01:00:00+00:00,10.2455,100.0,0.0,0.0
2025-03-10 02:00:00+00:00,9.8955,100.0,0.0,0.0
2025-03-10 03:00:00+00:00,8.7955,79.0,0.0,0.0
2025-03-10 04:00:00+00:00,7.8455,100.0,0.0,0.0
2025-03-10 05:00:00+00:00,8.195499,100.0,0.0,0.0
2025-03-10 06:00:00+00:00,8.695499,99.0,0.0,0.0
2025-03-10 07:00:00+00:00,8.8455,100.0,1.0,0.0
2025-03-10 08:00:00+00:00,9.0955,100.0,1.0,0.0
2025-03-10 09:00:00+00:00,9.4955,100.0,1.0,0.0
2025-03-10 10:00:00+00:00,10.0955,100.0,1.0,0.0
2025-03-10 11:00:00+00:00,10.7455,100.0,1.0,12.5
2025-03-10 12:00:00+00:00,11.8955,100.0,1.0,41.0
2025-03-10 13:00:00+00:00,12.3955,100.0,1.0,27.25
2025-03-10 14:00:00+00:00,12.695499,100.0,1.0,14.5
2025-03-10 15:00:00+00:00,13.2455,100.0,1.0,133.0
2025-03-10 16:00:00+00:00,13.195499,100.0,1.0,44.25
2025-03-10 17:00:00+00:00,12.945499,100.0,1.0,23.75
2025-03-10 18:00:00+00:00,11.695499,100.0,0.0,2.25
2025-03-10 19:00:00+00:00,10.0955,69.0,0.0,0.0
2025-03-10 20:00:00+00:00,8.2955,13.0,0.0,0.0
2025-03-10 21:00:00+00:00,7.0955,91.0,0.0,0.0
2025-03-10 22:00:00+00:00,6.3455,97.0,0.0,0.0
2025-03-10 23:00:00+00:00,5.9954996,85.0,0.0,0.0
2025-03-11 00:00:00+00:00,5.7955,79.0,0.0,0.0
2025-03-11 01:00:00+00:00,5.4455,58.0,0.0,0.0
2025-03-11 02:00:00+00:00,4.7955,67.0,0.0,0.0
2025-03-11 03:00:00+00:00,4.2454996,73.0,0.0,0.0
2025-03-11 04:00:00+00:00,4.1454997,77.0,0.0,0.0
2025-03-11 05:00:00+00:00,3.6955001,73.0,0.0,0.0
2025-03-11 06:00:00+00:00,3.7955,94.0,0.0,0.0
2025-03-11 07:00:00+00:00,4.3455,41.0,1.0,2.5
2025-03-11 08:00:00+00:00,4.9455,54.0,1.0,61.5
2025-03-11 09:00:00+00:00,8.0455,40.0,1.0,196.25
2025-03-11 10:00:00+00:00,10.695499,52.0,1.0,271.75
2025-03-11 11:00:00+00:00,12.6455,62.0,1.0,364.0
2025-03-11 12:00:00+00:00,13.695499,82.0,1.0,347.5
2025-03-11 13:00:00+00:00,14.5455,82.0,1.0,356.0
2025-03-11 14:00:00+00:00,14.8955,90.0,1.0,394.75
2025-03-11 15:00:00+00:00,14.3455,93.0,1.0,132.5
2025-03-11 16:00:00+00:00,10.9955,100.0,1.0,28.5
2025-03-11 17:00:00+00:00,9.7955,99.0,1.0,0.0
2025-03-11 18:00:00+00:00,8.8455,100.0,0.0,0.0
2025-03-11 19:00:00+00:00,7.9954996,98.0,0.0,0.0
2025-03-11 20:00:00+00:00,7.4455,100.0,0.0,0.0
2025-03-11 21:00:00+00:00,7.0455,100.0,0.0,0.0
2025-03-11 22:00:00+00:00,6.0955,100.0,0.0,0.0
2025-03-11 23:00:00+00:00,4.9954996,100.0,0.0,0.0
2025-03-12 00:00:00+00:00,4.3455,100.0,0.0,0.0
2025-03-12 01:00:00+00:00,4.0455,97.0,0.0,0.0
2025-03-12 02:00:00+00:00,3.8455,100.0,0.0,0.25
2025-03-12 03:00:00+00:00,3.8955,100.0,0.0,0.0
2025-03-12 04:00:00+00:00,3.5955,95.0,0.0,0.0
2025-03-12 05:00:00+00:00,2.7955,0.0,0.0,0.0
2025-03-12 06:00:00+00:00,2.3455,26.0,0.0,0.25
2025-03-12 07:00:00+00:00,2.4955,29.0,1.0,3.5
2025-03-12 08:00:00+00:00,3.5455,89.0,1.0,39.25
2025-03-12 09:00:00+00:00,5.2955,72.0,1.0,110.25
2025-03-12 10:00:00+00:00,6.3954997,89.0,1.0,183.25
2025-03-12 11:00:00+00:00,7.4455,93.0,1.0,217.5
2025-03-12 12:00:00+00:00,8.0455,100.0,1.0,157.0
2025-03-12 13:00:00+00:00,7.7435,97.0,1.0,125.0
2025-03-12 14:00:00+00:00,8.2435,77.0,1.0,145.0
2025-03-12 15:00:00+00:00,8.3435,99.0,1.0,200.0
2025-03-12 16:00:00+00:00,8.1935,87.0,1.0,89.0
2025-03-12 17:00:00+00:00,6.7435,94.0,1.0,26.0
2025-03-12 18:00:00+00:00,5.7935004,89.0,0.0,3.0
2025-03-12 19:00:00+00:00,4.7935004,60.0,0.0,0.0
2025-03-12 20:00:00+00:00,3.9935,57.0,0.0,0.0
2025-03-12 21:00:00+00:00,3.2435,76.0,0.0,0.0
2025-03-12 22:00:00+00:00,2.5435,88.0,0.0,0.0
2025-03-12 23:00:00+00:00,3.195500135421753,98.0,0.0,0.0
2025-03-13 00:00:00+00:00,2.995500087738037,95.0,0.0,0.0
2025-03-13 01:00:00+00:00,2.8954999446868896,99.0,0.0,0.0
2025-03-13 02:00:00+00:00,2.7955000400543213,98.0,0.0,0.0
2025-03-13 03:00:00+00:00,2.445500135421753,98.0,0.0,0.0
2025-03-13 04:00:00+00:00,2.245500087738037,94.0,0.0,0.0
2025-03-13 05:00:00+00:00,1.6455000638961792,73.0,0.0,0.0
2025-03-13 06:00:00+00:00,1.3454999923706057,60.0,0.0,0.0
2025-03-13 07:00:00+00:00,1.4455000162124634,93.0,1.0,2.0
2025-03-13 08:00:00+00:00,2.595499992370605,96.0,1.0,22.75
2025-03-13 09:00:00+00:00,4.195499897003174,83.0,1.0,84.25
2025-03-13 10:00:00+00:00,5.645499706268311,98.0,1.0,160.25
2025-03-13 11:00:00+00:00,6.495499610900879,88.0,1.0,126.5
2025-03-13 12:00:00+00:00,7.0954999923706055,89.0,1.0,191.5
2025-03-13 13:00:00+00:00,6.045499801635742,99.0,1.0,65.75
2025-03-13 14:00:00+00:00,6.495499610900879,73.0,1.0,137.5
2025-03-13 15:00:00+00:00,7.595499992370605,91.0,1.0,314.0
2025-03-13 16:00:00+00:00,6.995499610900879,83.0,1.0,99.0
2025-03-13 17:00:00+00:00,6.045499801635742,80.0,1.0,34.0
2025-03-13 18:00:00+00:00,4.545499801635742,97.0,1.0,6.5
2025-03-13 19:00:00+00:00,3.745500087738037,82.0,0.0,0.0
2025-03-13 20:00:00+00:00,2.845499992370605,66.0,0.0,0.0
2025-03-13 21:00:00+00:00,2.0455000400543213,55.0,0.0,0.0
2025-03-13 22:00:00+00:00,1.6955000162124634,31.0,0.0,0.0
2025-03-13 23:00:00+00:00,0.9454999566078186,45.0,0.0,0.0
2025-03-14 00:00:00+00:00,0.5454999804496765,40.0,0.0,0.0
2025-03-14 01:00:00+00:00,0.1955000162124633,12.0,0.0,0.0
2025-03-14 02:00:00+00:00,0.0955000072717666,13.0,0.0,0.0
2025-03-14 03:00:00+00:00,0.0955000072717666,20.0,0.0,0.0
2025-03-14 04:00:00+00:00,0.1455000042915344,34.0,0.0,0.0
2025-03-14 05:00:00+00:00,-0.1045000031590461,0.0,0.0,0.0
2025-03-14 06:00:00+00:00,-0.3044999837875366,22.0,0.0,0.0
2025-03-14 07:00:00+00:00,-0.3544999957084656,47.0,1.0,7.25
2025-03-14 08:00:00+00:00,1.495500087738037,0.0,1.0,102.0
2025-03-14 09:00:00+00:00,3.745500087738037,74.0,1.0,232.5
2025-03-14 10:00:00+00:00,5.195499897003174,55.0,1.0,198.0
2025-03-14 11:00:00+00:00,6.295499801635742,78.0,1.0,235.0
2025-03-14 12:00:00+00:00,7.045499801635742,86.0,1.0,235.0
2025-03-14 13:00:00+00:00,7.793500423431396,74.0,1.0,347.0
2025-03-14 14:00:00+00:00,8.043499946594238,83.0,1.0,285.0
2025-03-14 15:00:00+00:00,7.593500137329102,84.0,1.0,140.0
2025-03-14 16:00:00+00:00,7.243500232696533,89.0,1.0,85.0
2025-03-14 17:00:00+00:00,6.143500328063965,79.0,1.0,47.0
2025-03-14 18:00:00+00:00,5.093500137329102,75.0,1.0,8.0
2025-03-14 19:00:00+00:00,3.993499994277954,66.0,0.0,0.0
2025-03-14 20:00:00+00:00,3.243499994277954,23.0,0.0,0.0
2025-03-14 21:00:00+00:00,2.69350004196167,30.0,0.0,0.0
2025-03-14 22:00:00+00:00,2.44350004196167,75.0,0.0,0.0
2025-03-14 23:00:00+00:00,1.1955000162124634,0.0,0.0,0.0
2025-03-15 00:00:00+00:00,0.9454999566078186,0.0,0.0,0.0
2025-03-15 01:00:00+00:00,0.7454999685287476,0.0,0.0,0.0
2025-03-15 02:00:00+00:00,0.5954999923706055,0.0,0.0,0.0
2025-03-15 03:00:00+00:00,0.4954999983310699,0.0,0.0,0.0
2025-03-15 04:00:00+00:00,0.3955000042915344,0.0,0.0,0.0
2025-03-15 05:00:00+00:00,0.2955000102519989,0.0,0.0,0.0
2025-03-15 06:00:00+00:00,0.2454999983310699,0.0,0.0,0.0
2025-03-15 07:00:00+00:00,0.2955000102519989,0.0,1.0,10.75
2025-03-15 08:00:00+00:00,1.5455000400543213,0.0,1.0,114.0
2025-03-15 09:00:00+00:00,2.845499992370605,67.0,1.0,264.25
2025-03-15 10:00:00+00:00,4.445499897003174,0.0,1.0,401.25
2025-03-15 11:00:00+00:00,5.695499897003174,15.0,1.0,511.0
2025-03-15 12:00:00+00:00,6.695499897003174,99.0,1.0,485.75
2025-03-15 13:00:00+00:00,6.895499706268311,100.0,1.0,283.5
2025-03-15 14:00:00+00:00,6.995499610900879,100.0,1.0,105.5
2025-03-15 15:00:00+00:00,7.0954999923706055,99.0,1.0,42.25
2025-03-15 16:00:00+00:00,7.045499801635742,100.0,1.0,36.75
2025-03-15 17:00:00+00:00,6.395499706268311,100.0,1.0,2.75
2025-03-15 18:00:00+00:00,5.445499897003174,100.0,1.0,0.5
2025-03-15 19:00:00+00:00,4.745499610900879,100.0,0.0,0.0
2025-03-15 20:00:00+00:00,4.145499706268311,98.0,0.0,0.0
2025-03-15 21:00:00+00:00,3.8954999446868896,94.0,0.0,0.0
2025-03-15 22:00:00+00:00,3.6454999446868896,94.0,0.0,0.0
2025-03-15 23:00:00+00:00,3.3954999446868896,89.0,0.0,0.0
2025-03-16 00:00:00+00:00,3.0455000400543213,94.0,0.0,0.0
2025-03-16 01:00:00+00:00,2.695500135421753,92.0,0.0,0.0
2025-03-16 02:00:00+00:00,2.3954999446868896,93.0,0.0,0.0
2025-03-16 03:00:00+00:00,1.6455000638961792,84.0,0.0,0.0
2025-03-16 04:00:00+00:00,1.3454999923706057,96.0,0.0,0.0
2025-03-16 05:00:00+00:00,0.9954999685287476,77.0,0.0,0.0
2025-03-16 06:00:00+00:00,0.8955000042915344,100.0,0.0,0.0
2025-03-16 07:00:00+00:00,1.1455000638961792,99.0,1.0,0.5
2025-03-16 08:00:00+00:00,1.945500016212464,97.0,1.0,18.25
2025-03-16 09:00:00+00:00,2.995500087738037,94.0,1.0,24.0
2025-03-16 10:00:00+00:00,4.395499706268311,89.0,1.0,86.0
2025-03-16 11:00:00+00:00,5.8454999923706055,85.0,1.0,168.5
2025-03-16 12:00:00+00:00,6.645499706268311,90.0,1.0,130.0
2025-03-16 13:00:00+00:00,7.293500423431396,96.0,1.0,93.0
2025-03-16 14:00:00+00:00,7.593500137329102,91.0,1.0,77.0
2025-03-16 15:00:00+00:00,7.743500232696533,85.0,1.0,67.0
2025-03-16 16:00:00+00:00,7.69350004196167,86.0,1.0,53.0
2025-03-16 17:00:00+00:00,7.44350004196167,86.0,1.0,26.0
2025-03-16 18:00:00+00:00,6.743500232696533,87.0,1.0,3.0
2025-03-16 19:00:00+00:00,5.893500328063965,87.0,0.0,0.0
2025-03-16 20:00:00+00:00,5.5435004234313965,84.0,0.0,0.0
2025-03-16 21:00:00+00:00,5.093500137329102,86.0,0.0,0.0
2025-03-16 22:00:00+00:00,4.69350004196167,86.0,0.0,0.0
2025-03-16 23:00:00+00:00,4.545499801635742,62.0,0.0,0.0
2025-03-17 00:00:00+00:00,3.8954999446868896,59.0,0.0,0.0
2025-03-17 01:00:00+00:00,3.595499992370605,89.0,0.0,0.0
2025-03-17 02:00:00+00:00,3.245500087738037,53.0,0.0,0.0
2025-03-17 03:00:00+00:00,2.595499992370605,26.0,0.0,0.0
2025-03-17 04:00:00+00:00,2.0455000400543213,0.0,0.0,0.0
2025-03-17 05:00:00+00:00,1.5455000400543213,0.0,0.0,0.0
2025-03-17 06:00:00+00:00,1.3454999923706057,0.0,0.0,0.0
2025-03-17 07:00:00+00:00,1.4455000162124634,0.0,1.0,12.25
2025-03-17 08:00:00+00:00,2.8954999446868896,0.0,1.0,114.25
2025-03-17 09:00:00+00:00,5.0954999923706055,0.0,1.0,263.75
2025-03-17 10:00:00+00:00,6.8454999923706055,0.0,1.0,405.0
2025-03-17 11:00:00+00:00,8.295499801635742,0.0,1.0,512.75
2025-03-17 12:00:00+00:00,9.845499992370604,0.0,1.0,573.75
2025-03-17 13:00:00+00:00,10.845499992370604,0.0,1.0,573.0
2025-03-17 14:00:00+00:00,11.195499420166016,42.0,1.0,519.75
2025-03-17 15:00:00+00:00,11.595499992370604,54.0,1.0,299.5
2025-03-17 16:00:00+00:00,11.295499801635742,24.0,1.0,237.75
2025-03-17 17:00:00+00:00,10.345499992370604,4.0,1.0,143.0
2025-03-17 18:00:00+00:00,9.395500183105469,27.0,1.0,25.0
2025-03-17 19:00:00+00:00,7.995499610900879,0.0,0.0,0.0
2025-03-17 20:00:00+00:00,6.8454999923706055,0.0,0.0,0.0
2025-03-17 21:00:00+00:00,6.145499706268311,0.0,0.0,0.0
2025-03-17 22:00:00+00:00,5.695499897003174,0.0,0.0,0.0
2025-03-17 23:00:00+00:00,5.395499706268311,0.0,0.0,0.0
2025-03-18 00:00:00+00:00,4.895499706268311,0.0,0.0,0.0
2025-03-18 01:00:00+00:00,4.295499801635742,0.0,0.0,0.0
2025-03-18 02:00:00+00:00,3.795500040054321,0.0,0.0,0.0
2025-03-18 03:00:00+00:00,3.5455000400543213,0.0,0.0,0.0
2025-03-18 04:00:00+00:00,2.945500135421753,0.0,0.0,0.0
2025-03-18 05:00:00+00:00,2.445500135421753,0.0,0.0,0.0
2025-03-18 06:00:00+00:00,2.095499992370605,0.0,0.0,0.0
2025-03-18 07:00:00+00:00,2.0455000400543213,0.0,1.0,13.5
2025-03-18 08:00:00+00:00,3.195500135421753,0.0,1.0,119.75
2025-03-18 09:00:00+00:00,5.295499801635742,0.0,1.0,270.25
2025-03-18 10:00:00+00:00,7.045499801635742,0.0,1.0,407.0
2025-03-18 11:00:00+00:00,8.845499992370605,0.0,1.0,508.75
2025-03-18 12:00:00+00:00,10.545499801635742,0.0,1.0,567.75
2025-03-18 13:00:00+00:00,11.795499801635742,0.0,1.0,576.75
2025-03-18 14:00:00+00:00,12.74549961090088,0.0,1.0,534.75
2025-03-18 15:00:00+00:00,13.295499801635742,0.0,1.0,443.75
2025-03-18 16:00:00+00:00,13.445499420166016,0.0,1.0,310.75
2025-03-18 17:00:00+00:00,12.895500183105469,0.0,1.0,161.0
2025-03-18 18:00:00+00:00,11.445499420166016,0.0,1.0,31.75
2025-03-18 19:00:00+00:00,10.24549961090088,34.0,0.0,0.0
2025-03-18 20:00:00+00:00,9.895500183105469,10.0,0.0,0.0
2025-03-18 21:00:00+00:00,9.645500183105469,0.0,0.0,0.0
2025-03-18 22:00:00+00:00,9.795499801635742,100.0,0.0,0.0
2025-03-18 23:00:00+00:00,9.845499992370604,8.0,0.0,0.0
2025-03-19 00:00:00+00:00,9.74549961090088,27.0,0.0,0.0
2025-03-19 01:00:00+00:00,9.145500183105469,97.0,0.0,0.0
2025-03-19 02:00:00+00:00,8.045499801635742,100.0,0.0,0.0
2025-03-19 03:00:00+00:00,8.445499420166016,46.0,0.0,0.0
2025-03-19 04:00:00+00:00,7.8954997062683105,100.0,0.0,0.0
2025-03-19 05:00:00+00:00,7.845499992370605,100.0,0.0,0.0
2025-03-19 06:00:00+00:00,7.6454997062683105,4.0,0.0,0.0
2025-03-19 07:00:00+00:00,7.795499801635742,33.0,1.0,14.75
2025-03-19 08:00:00+00:00,9.045499801635742,75.0,1.0,110.75
2025-03-19 09:00:00+00:00,10.845499992370604,61.0,1.0,253.5
2025-03-19 10:00:00+00:00,12.645500183105469,16.0,1.0,391.0
2025-03-19 11:00:00+00:00,14.095499992370604,78.0,1.0,498.75
2025-03-19 12:00:00+00:00,15.145500183105469,59.0,1.0,522.25
2025-03-19 13:00:00+00:00,16.045499801635742,46.0,1.0,543.0
2025-03-19 14:00:00+00:00,16.445499420166016,74.0,1.0,426.25
2025-03-19 15:00:00+00:00,16.59549903869629,65.0,1.0,285.0
2025-03-19 16:00:00+00:00,16.09549903869629,78.0,1.0,157.75
2025-03-19 17:00:00+00:00,15.595499992370604,55.0,1.0,57.0
2025-03-19 18:00:00+00:00,14.345499992370604,0.0,1.0,24.5
2025-03-19 19:00:00+00:00,12.795499801635742,0.0,0.0,0.0
2025-03-19 20:00:00+00:00,12.145500183105469,0.0,0.0,0.25
2025-03-19 21:00:00+00:00,11.395500183105469,0.0,0.0,0.0
2025-03-19 22:00:00+00:00,10.645500183105469,0.0,0.0,0.0
2025-03-19 23:00:00+00:00,9.99549961090088,0.0,0.0,0.0
2025-03-20 00:00:00+00:00,9.945499420166016,0.0,0.0,0.0
2025-03-20 01:00:00+00:00,9.295499801635742,0.0,0.0,0.0
2025-03-20 02:00:00+00:00,8.395500183105469,0.0,0.0,0.0
2025-03-20 03:00:00+00:00,7.345499992370605,0.0,0.0,0.0
2025-03-20 04:00:00+00:00,7.745499610900879,0.0,0.0,0.0
2025-03-20 05:00:00+00:00,7.795499801635742,0.0,0.0,0.0
2025-03-20 06:00:00+00:00,7.145499706268311,0.0,0.0,0.0
2025-03-20 07:00:00+00:00,7.345499992370605,0.0,1.0,16.75
2025-03-20 08:00:00+00:00,9.895500183105469,0.0,1.0,124.75
2025-03-20 09:00:00+00:00,11.945499420166016,0.0,1.0,272.0
2025-03-20 10:00:00+00:00,14.045499801635742,0.0,1.0,409.0
2025-03-20 11:00:00+00:00,15.845499992370604,0.0,1.0,514.0
2025-03-20 12:00:00+00:00,17.34549903869629,0.0,1.0,574.0
2025-03-20 13:00:00+00:00,17.5935001373291,0.0,1.0,582.0
2025-03-20 14:00:00+00:00,18.04349899291992,0.0,1.0,537.0
2025-03-20 15:00:00+00:00,18.04349899291992,1.0,1.0,444.0
2025-03-20 16:00:00+00:00,17.543498992919922,27.0,1.0,313.0
2025-03-20 17:00:00+00:00,16.443500518798828,9.0,1.0,161.0
2025-03-20 18:00:00+00:00,14.643499374389648,0.0,1.0,34.0
2025-03-20 19:00:00+00:00,13.043499946594238,68.0,0.0,0.0
2025-03-20 20:00:00+00:00,12.493499755859377,92.0,0.0,0.0
2025-03-20 21:00:00+00:00,11.993499755859377,100.0,0.0,0.0
2025-03-20 22:00:00+00:00,11.493499755859377,97.0,0.0,0.0
2025-03-20 23:00:00+00:00,12.145500183105469,32.0,0.0,0.0
2025-03-21 00:00:00+00:00,11.395500183105469,100.0,0.0,0.0
2025-03-21 01:00:00+00:00,11.74549961090088,100.0,0.0,0.0
2025-03-21 02:00:00+00:00,11.695499420166016,100.0,0.0,0.0
2025-03-21 03:00:00+00:00,10.795499801635742,100.0,0.0,0.0
2025-03-21 04:00:00+00:00,9.99549961090088,100.0,0.0,0.0
2025-03-21 05:00:00+00:00,9.895500183105469,88.0,0.0,0.0
2025-03-21 06:00:00+00:00,9.595499992370604,100.0,1.0,0.0
2025-03-21 07:00:00+00:00,9.595499992370604,100.0,1.0,4.75
2025-03-21 08:00:00+00:00,10.695499420166016,100.0,1.0,22.25
2025-03-21 09:00:00+00:00,12.795499801635742,100.0,1.0,50.5
2025-03-21 10:00:00+00:00,14.595499992370604,100.0,1.0,47.75
2025-03-21 11:00:00+00:00,16.14550018310547,100.0,1.0,63.75
2025-03-21 12:00:00+00:00,16.695499420166016,100.0,1.0,214.5
2025-03-21 13:00:00+00:00,16.695499420166016,100.0,1.0,23.75
2025-03-21 14:00:00+00:00,15.545499801635742,100.0,1.0,12.5
2025-03-21 15:00:00+00:00,14.795499801635742,100.0,1.0,4.75
2025-03-21 16:00:00+00:00,14.49549961090088,100.0,1.0,2.75
2025-03-21 17:00:00+00:00,14.24549961090088,100.0,1.0,0.75
2025-03-21 18:00:00+00:00,13.095499992370604,100.0,1.0,0.0
2025-03-21 19:00:00+00:00,12.49549961090088,100.0,0.0,0.0
2025-03-21 20:00:00+00:00,11.595499992370604,100.0,0.0,0.0
2025-03-21 21:00:00+00:00,10.99549961090088,100.0,0.0,0.0
2025-03-21 22:00:00+00:00,10.895500183105469,100.0,0.0,0.0
2025-03-21 23:00:00+00:00,10.845499992370604,100.0,0.0,0.0
2025-03-22 00:00:00+00:00,10.74549961090088,99.0,0.0,0.0
2025-03-22 01:00:00+00:00,10.345499992370604,100.0,0.0,0.0
2025-03-22 02:00:00+00:00,9.845499992370604,100.0,0.0,0.0
2025-03-22 03:00:00+00:00,10.445499420166016,92.0,0.0,0.0
2025-03-22 04:00:00+00:00,9.99549961090088,100.0,0.0,0.0
2025-03-22 05:00:00+00:00,10.045499801635742,100.0,0.0,0.0
2025-03-22 06:00:00+00:00,10.345499992370604,100.0,1.0,0.0
2025-03-22 07:00:00+00:00,10.645500183105469,100.0,1.0,0.25
2025-03-22 08:00:00+00:00,11.24549961090088,100.0,1.0,4.5
2025-03-22 09:00:00+00:00,12.295499801635742,84.0,1.0,2.25
2025-03-22 10:00:00+00:00,13.645500183105469,98.0,1.0,118.0
2025-03-22 11:00:00+00:00,14.99549961090088,100.0,1.0,175.25
2025-03-22 12:00:00+00:00,15.595499992370604,100.0,1.0,76.5
2025-03-22 13:00:00+00:00,15.595499992370604,97.0,1.0,96.25
2025-03-22 14:00:00+00:00,15.295499801635742,100.0,1.0,100.5
2025-03-22 15:00:00+00:00,14.74549961090088,100.0,1.0,42.75
2025-03-22 16:00:00+00:00,13.695499420166016,100.0,1.0,1.75
2025-03-22 17:00:00+00:00,12.24549961090088,100.0,1.0,13.5
2025-03-22 18:00:00+00:00,11.445499420166016,100.0,1.0,1.0
2025-03-22 19:00:00+00:00,10.045499801635742,100.0,0.0,0.0
2025-03-22 20:00:00+00:00,9.845499992370604,100.0,0.0,0.0
2025-03-22 21:00:00+00:00,9.595499992370604,92.0,0.0,0.0
2025-03-22 22:00:00+00:00,9.345499992370604,95.0,0.0,0.0
2025-03-22 23:00:00+00:00,8.945499420166016,92.0,0.0,0.0
2025-03-23 00:00:00+00:00,8.595499992370605,100.0,0.0,0.0
2025-03-23 01:00:00+00:00,8.595499992370605,94.0,0.0,0.0
2025-03-23 02:00:00+00:00,8.495499610900879,100.0,0.0,0.0
2025-03-23 03:00:00+00:00,8.095499992370605,98.0,0.0,0.0
2025-03-23 04:00:00+00:00,8.145500183105469,100.0,0.0,0.0
2025-03-23 05:00:00+00:00,8.195499420166016,100.0,0.0,0.0
2025-03-23 06:00:00+00:00,7.995499610900879,100.0,1.0,0.0
2025-03-23 07:00:00+00:00,8.195499420166016,100.0,1.0,0.0
2025-03-23 08:00:00+00:00,8.595499992370605,100.0,1.0,0.0
2025-03-23 09:00:00+00:00,9.695499420166016,97.0,1.0,1.0
2025-03-23 10:00:00+00:00,10.045499801635742,100.0,1.0,2.25
2025-03-23 11:00:00+00:00,10.445499420166016,100.0,1.0,1.0
2025-03-23 12:00:00+00:00,11.445499420166016,100.0,1.0,5.5
2025-03-23 13:00:00+00:00,11.645500183105469,98.0,1.0,8.25
2025-03-23 14:00:00+00:00,11.945499420166016,100.0,1.0,22.5
2025-03-23 15:00:00+00:00,12.045499801635742,99.0,1.0,5.25
2025-03-23 16:00:00+00:00,12.045499801635742,85.0,1.0,45.25
2025-03-23 17:00:00+00:00,11.74549961090088,85.0,1.0,40.75
2025-03-23 18:00:00+00:00,10.645500183105469,87.0,1.0,17.0
2025-03-23 19:00:00+00:00,10.095499992370604,97.0,0.0,0.0
2025-03-23 20:00:00+00:00,9.595499992370604,100.0,0.0,0.0
2025-03-23 21:00:00+00:00,8.895500183105469,98.0,0.0,0.0
2025-03-23 22:00:00+00:00,7.795499801635742,87.0,0.0,0.0
2025-03-23 23:00:00+00:00,7.295499801635742,99.0,0.0,0.0
2025-03-24 00:00:00+00:00,6.3454999923706055,100.0,0.0,0.0
2025-03-24 01:00:00+00:00,6.045499801635742,100.0,0.0,0.0
2025-03-24 02:00:00+00:00,5.645499706268311,100.0,0.0,0.0
2025-03-24 03:00:00+00:00,5.0954999923706055,100.0,0.0,0.0
2025-03-24 04:00:00+00:00,5.145499706268311,100.0,0.0,0.0
2025-03-24 05:00:00+00:00,5.745499610900879,100.0,0.0,0.0
2025-03-24 06:00:00+00:00,5.895499706268311,100.0,1.0,0.0
2025-03-24 07:00:00+00:00,6.245499610900879,100.0,1.0,1.25
2025-03-24 08:00:00+00:00,6.995499610900879,92.0,1.0,21.75
2025-03-24 09:00:00+00:00,8.945499420166016,67.0,1.0,68.75
2025-03-24 10:00:00+00:00,10.795499801635742,70.0,1.0,137.0
2025-03-24 11:00:00+00:00,12.595499992370604,95.0,1.0,170.5
2025-03-24 12:00:00+00:00,12.645500183105469,97.0,1.0,117.25
2025-03-24 13:00:00+00:00,13.545499801635742,100.0,1.0,94.0
2025-03-24 14:00:00+00:00,14.24549961090088,100.0,1.0,108.0
2025-03-24 15:00:00+00:00,13.99549961090088,95.0,1.0,49.0
2025-03-24 16:00:00+00:00,12.99549961090088,100.0,1.0,56.25
2025-03-24 17:00:00+00:00,12.095499992370604,100.0,1.0,2.0
2025-03-24 18:00:00+00:00,11.145500183105469,82.0,1.0,1.75
2025-03-24 19:00:00+00:00,10.24549961090088,100.0,0.0,0.0
2025-03-24 20:00:00+00:00,9.695499420166016,100.0,0.0,0.0
2025-03-24 21:00:00+00:00,9.695499420166016,100.0,0.0,0.0
2025-03-24 22:00:00+00:00,9.345499992370604,100.0,0.0,0.0
2025-03-24 23:00:00+00:00,9.045499801635742,98.0,0.0,0.0
2025-03-25 00:00:00+00:00,9.045499801635742,96.0,0.0,0.0
2025-03-25 01:00:00+00:00,8.845499992370605,100.0,0.0,0.0
2025-03-25 02:00:00+00:00,8.695499420166016,98.0,0.0,0.0
2025-03-25 03:00:00+00:00,8.695499420166016,100.0,0.0,0.0
2025-03-25 04:00:00+00:00,8.445499420166016,100.0,0.0,0.0
2025-03-25 05:00:00+00:00,8.145500183105469,100.0,0.0,0.0
2025-03-25 06:00:00+00:00,7.845499992370605,99.0,1.0,0.0
2025-03-25 07:00:00+00:00,8.045499801635742,100.0,1.0,0.5
2025-03-25 08:00:00+00:00,8.445499420166016,100.0,1.0,1.25
2025-03-25 09:00:00+00:00,9.24549961090088,100.0,1.0,14.5
2025-03-25 10:00:00+00:00,9.845499992370604,100.0,1.0,15.25
2025-03-25 11:00:00+00:00,10.395500183105469,100.0,1.0,18.75
2025-03-25 12:00:00+00:00,10.595499992370604,99.0,1.0,73.75
2025-03-25 13:00:00+00:00,10.895500183105469,100.0,1.0,64.5
2025-03-25 14:00:00+00:00,11.24549961090088,100.0,1.0,49.5
2025-03-25 15:00:00+00:00,11.395500183105469,100.0,1.0,28.5
2025-03-25 16:00:00+00:00,11.74549961090088,92.0,1.0,67.5
2025-03-25 17:00:00+00:00,11.74549961090088,84.0,1.0,85.0
2025-03-25 18:00:00+00:00,11.095499992370604,100.0,1.0,13.75
2025-03-25 19:00:00+00:00,9.895500183105469,95.0,0.0,0.0
2025-03-25 20:00:00+00:00,9.595499992370604,99.0,0.0,0.0
2025-03-25 21:00:00+00:00,8.845499992370605,100.0,0.0,0.0
2025-03-25 22:00:00+00:00,8.445499420166016,95.0,0.0,0.0
2025-03-25 23:00:00+00:00,8.595499992370605,95.0,0.0,0.0
2025-03-26 00:00:00+00:00,8.095499992370605,100.0,0.0,0.0
2025-03-26 01:00:00+00:00,7.945499897003174,100.0,0.0,0.0
2025-03-26 02:00:00+00:00,7.845499992370605,100.0,0.0,0.0
2025-03-26 03:00:00+00:00,8.095499992370605,100.0,0.0,0.0
2025-03-26 04:00:00+00:00,8.195499420166016,99.0,0.0,0.0
2025-03-26 05:00:00+00:00,8.345499992370605,100.0,0.0,0.0
2025-03-26 06:00:00+00:00,8.545499801635742,100.0,1.0,0.0
2025-03-26 07:00:00+00:00,8.895500183105469,94.0,1.0,3.5
2025-03-26 08:00:00+00:00,10.24549961090088,98.0,1.0,19.5
2025-03-26 09:00:00+00:00,11.645500183105469,100.0,1.0,30.0
2025-03-26 10:00:00+00:00,12.595499992370604,94.0,1.0,59.5
2025-03-26 11:00:00+00:00,13.595499992370604,82.0,1.0,94.0
2025-03-26 12:00:00+00:00,14.595499992370604,72.0,1.0,208.0
2025-03-26 13:00:00+00:00,15.695499420166016,69.0,1.0,411.25
2025-03-26 14:00:00+00:00,16.045499801635742,34.0,1.0,316.75
2025-03-26 15:00:00+00:00,15.545499801635742,85.0,1.0,241.0
2025-03-26 16:00:00+00:00,15.545499801635742,100.0,1.0,162.0
2025-03-26 17:00:00+00:00,14.74549961090088,84.0,1.0,37.0
2025-03-26 18:00:00+00:00,13.795499801635742,31.0,1.0,17.75
2025-03-26 19:00:00+00:00,11.845499992370604,6.0,0.0,0.25
2025-03-26 20:00:00+00:00,10.045499801635742,2.0,0.0,0.25
2025-03-26 21:00:00+00:00,10.145500183105469,13.0,0.0,0.0
2025-03-26 22:00:00+00:00,9.545499801635742,52.0,0.0,0.0
2025-03-26 23:00:00+00:00,8.895500183105469,4.0,0.0,0.0
2025-03-27 00:00:00+00:00,8.095499992370605,4.0,0.0,0.0
2025-03-27 01:00:00+00:00,7.295499801635742,14.0,0.0,0.0
2025-03-27 02:00:00+00:00,6.395499706268311,22.0,0.0,0.0
2025-03-27 03:00:00+00:00,5.745499610900879,45.0,0.0,0.0
2025-03-27 04:00:00+00:00,5.3454999923706055,100.0,0.0,0.25
2025-03-27 05:00:00+00:00,5.3454999923706055,100.0,0.0,0.0
2025-03-27 06:00:00+00:00,5.445499897003174,100.0,1.0,0.0
2025-03-27 07:00:00+00:00,5.695499897003174,100.0,1.0,1.75
2025-03-27 08:00:00+00:00,6.5954999923706055,100.0,1.0,19.0
2025-03-27 09:00:00+00:00,8.195499420166016,84.0,1.0,115.25
2025-03-27 10:00:00+00:00,10.195499420166016,64.0,1.0,274.0
2025-03-27 11:00:00+00:00,11.99549961090088,70.0,1.0,369.0
2025-03-27 12:00:00+00:00,13.49549961090088,55.0,1.0,420.0
2025-03-27 13:00:00+00:00,15.043499946594238,35.0,1.0,556.0
2025-03-27 14:00:00+00:00,15.293499946594238,49.0,1.0,461.0
2025-03-27 15:00:00+00:00,15.143499374389648,50.0,1.0,336.0
2025-03-27 16:00:00+00:00,14.743499755859377,36.0,1.0,250.0
2025-03-27 17:00:00+00:00,14.043499946594238,7.0,1.0,157.0
2025-03-27 18:00:00+00:00,12.543499946594238,0.0,1.0,50.0
2025-03-27 19:00:00+00:00,10.893499374389648,0.0,0.0,1.0
2025-03-27 20:00:00+00:00,9.893499374389648,40.0,0.0,0.0
2025-03-27 21:00:00+00:00,9.193499565124512,68.0,0.0,0.0
2025-03-27 22:00:00+00:00,9.393499374389648,0.0,0.0,0.0
2025-03-27 23:00:00+00:00,7.445499897003174,0.0,0.0,0.0
2025-03-28 00:00:00+00:00,6.5954999923706055,0.0,0.0,0.0
2025-03-28 01:00:00+00:00,6.045499801635742,0.0,0.0,0.0
2025-03-28 02:00:00+00:00,5.0954999923706055,0.0,0.0,0.0
2025-03-28 03:00:00+00:00,4.545499801635742,0.0,0.0,0.0
2025-03-28 04:00:00+00:00,4.445499897003174,34.0,0.0,0.0
2025-03-28 05:00:00+00:00,4.195499897003174,100.0,0.0,0.0
2025-03-28 06:00:00+00:00,4.8454999923706055,100.0,1.0,0.0
2025-03-28 07:00:00+00:00,6.145499706268311,87.0,1.0,2.0
2025-03-28 08:00:00+00:00,7.3954997062683105,57.0,1.0,82.5
2025-03-28 09:00:00+00:00,9.295499801635742,49.0,1.0,259.0
2025-03-28 10:00:00+00:00,11.845499992370604,93.0,1.0,204.25
2025-03-28 11:00:00+00:00,13.395500183105469,100.0,1.0,93.5
2025-03-28 12:00:00+00:00,13.99549961090088,100.0,1.0,76.0
2025-03-28 13:00:00+00:00,12.795499801635742,100.0,1.0,2.25
2025-03-28 14:00:00+00:00,11.645500183105469,100.0,1.0,1.25
2025-03-28 15:00:00+00:00,11.24549961090088,100.0,1.0,0.0
2025-03-28 16:00:00+00:00,10.99549961090088,100.0,1.0,0.0
2025-03-28 17:00:00+00:00,10.945499420166016,100.0,1.0,0.0
2025-03-28 18:00:00+00:00,9.795499801635742,57.0,1.0,0.5
2025-03-28 19:00:00+00:00,8.795499801635742,81.0,0.0,0.5
2025-03-28 20:00:00+00:00,7.545499801635742,0.0,0.0,0.0
2025-03-28 21:00:00+00:00,6.295499801635742,7.0,0.0,0.0
2025-03-28 22:00:00+00:00,5.745499610900879,0.0,0.0,0.0
2025-03-28 23:00:00+00:00,5.445499897003174,0.0,0.0,0.0
2025-03-29 00:00:00+00:00,5.045499801635742,0.0,0.0,0.0
2025-03-29 01:00:00+00:00,4.745499610900879,6.0,0.0,0.0
2025-03-29 02:00:00+00:00,4.245499610900879,15.0,0.0,0.0
2025-03-29 03:00:00+00:00,3.795500040054321,24.0,0.0,0.0
2025-03-29 04:00:00+00:00,3.695500135421753,42.0,0.0,0.0
2025-03-29 05:00:00+00:00,3.595499992370605,46.0,0.0,0.0
2025-03-29 06:00:00+00:00,3.445500135421753,44.0,1.0,0.25
2025-03-29 07:00:00+00:00,4.145499706268311,35.0,1.0,34.5
2025-03-29 08:00:00+00:00,6.145499706268311,10.0,1.0,161.75
2025-03-29 09:00:00+00:00,8.495499610900879,51.0,1.0,278.0
2025-03-29 10:00:00+00:00,9.845499992370604,67.0,1.0,315.5
2025-03-29 11:00:00+00:00,10.99549961090088,63.0,1.0,366.0
2025-03-29 12:00:00+00:00,11.945499420166016,21.0,1.0,397.5
2025-03-29 13:00:00+00:00,12.595499992370604,59.0,1.0,453.25
2025-03-29 14:00:00+00:00,12.945499420166016,0.0,1.0,449.0
2025-03-29 15:00:00+00:00,12.945499420166016,0.0,1.0,497.25
2025-03-29 16:00:00+00:00,12.595499992370604,14.0,1.0,374.0
2025-03-29 17:00:00+00:00,11.945499420166016,0.0,1.0,212.0
2025-03-29 18:00:00+00:00,10.595499992370604,7.0,1.0,62.0
2025-03-29 19:00:00+00:00,8.043499946594238,0.0,0.0,1.0
2025-03-29 20:00:00+00:00,6.7935004234313965,0.0,0.0,0.0
2025-03-29 21:00:00+00:00,5.2935004234313965,11.0,0.0,0.0
2025-03-29 22:00:00+00:00,4.343500137329102,35.0,0.0,0.0
